AB00,Mon Mar  6 14:43:43 2023

AB00,Mon Mar  6 14:44:32 2023

AB00,Mon Mar  6 14:45:14 2023

0000000000000000002777AD,Mon Mar  6 14:46:20 2023

0000000000000000002777AD,Mon Mar  6 14:46:43 2023

0000000000000000002777AD,Mon Mar  6 14:47:59 2023

0000000000000000002777AD,Mon Mar  6 14:48:28 2023

000000000000000018131007,Mon Mar  6 14:49:00 2023

000000000000000018131007,Mon Mar  6 14:49:04 2023

000000000000000018131007,Mon Mar  6 14:49:30 2023

000000000000000018131007,Mon Mar  6 14:49:32 2023

000000000000000018131007,Mon Mar  6 14:49:34 2023

000000000000000018131007,Mon Mar  6 14:49:36 2023

000000000000000018131007,Mon Mar  6 14:49:46 2023

000000000000000018131007,Mon Mar  6 14:49:49 2023

000000000000000018131007,Mon Mar  6 14:50:01 2023

000000000000000018131007,Mon Mar  6 14:50:10 2023

000000000000000018131007,Mon Mar  6 14:50:15 2023

000000000000000018131007,Mon Mar  6 14:50:17 2023

000000000000000018131007,Mon Mar  6 14:50:25 2023

0000000000000000002777AD,Mon Mar  6 14:50:38 2023

0000000000000000002777AD,Mon Mar  6 14:50:41 2023

0000000000000000002777AD,Mon Mar  6 14:50:46 2023

0000000000000000002777AD,Mon Mar  6 14:50:52 2023

0000000000000000002777AD,Mon Mar  6 14:50:55 2023

0000000000000000002777AD,Mon Mar  6 14:50:57 2023

0000000000000000002777AD,Mon Mar  6 14:51:18 2023

0000000000000000002777AD,Mon Mar  6 14:51:33 2023

AB02,Mon Mar  6 14:52:01 2023

0000000000000000002777AD,Mon Mar  6 15:00:04 2023

0000000000000000002777AD,Mon Mar  6 15:00:18 2023

0000000000000000002777AD,Mon Mar  6 15:00:40 2023

0000000000000000002777AD,Mon Mar  6 15:01:57 2023

0000000000000000002777AD,Mon Mar  6 15:02:11 2023

0000000000000000002777AD,Mon Mar  6 15:02:23 2023

0000000000000000002777AD,Mon Mar  6 15:02:35 2023

0000000000000000002777AD,Mon Mar  6 15:03:12 2023

0000000000000000002777AD,Mon Mar  6 15:03:36 2023

0000000000000000002777AD,Mon Mar  6 15:04:03 2023

0000000000000000002777AD,Mon Mar  6 15:04:19 2023

0000000000000000002777AD,Mon Mar  6 15:04:36 2023

0000000000000000002777AD,Mon Mar  6 15:05:30 2023

0000000000000000002777AD,Mon Mar  6 15:05:51 2023

0000000000000000002777AD,Mon Mar  6 15:08:31 2023

0000000000000000002777AD,Mon Mar  6 15:08:37 2023

0000000000000000002777AD,Mon Mar  6 15:09:07 2023

0000000000000000002777AD,Mon Mar  6 15:09:42 2023

0000000000000000002777AD,Mon Mar  6 15:09:56 2023

0000000000000000002777AD,Mon Mar  6 15:10:30 2023

0000000000000000002777AD,Mon Mar  6 15:10:38 2023

0000000000000000002777AD,Mon Mar  6 15:10:48 2023

0000000000000000002777AD,Mon Mar  6 15:11:07 2023

0000000000000000002777AD,Mon Mar  6 15:11:36 2023

0000000000000000002777AD,Mon Mar  6 15:12:06 2023

0000000000000000002777AD,Mon Mar  6 15:12:14 2023

0000000000000000002777AD,Mon Mar  6 15:12:27 2023

0000000000000000002777AD,Mon Mar  6 15:12:41 2023

0000000000000000002777AD,Mon Mar  6 15:13:36 2023

0000000000000000002777AD,Mon Mar  6 15:13:48 2023

0000000000000000002777AD,Mon Mar  6 15:14:16 2023

0000000000000000002777AD,Mon Mar  6 15:15:29 2023

0000000000000000002777AD,Mon Mar  6 15:16:07 2023

0000000000000000002777AD,Mon Mar  6 15:16:30 2023

0000000000000000002777AD,Mon Mar  6 15:16:33 2023

0000000000000000002777AD,Mon Mar  6 15:16:36 2023

0000000000000000002777AD,Mon Mar  6 15:16:42 2023

0000000000000000002777AD,Mon Mar  6 15:17:05 2023

0000000000000000002777AD,Mon Mar  6 15:17:10 2023

0000000000000000002777AD,Mon Mar  6 15:17:13 2023

0000000000000000002777AD,Mon Mar  6 15:17:27 2023

0000000000000000002777AD,Mon Mar  6 15:17:35 2023

0000000000000000002777AD,Mon Mar  6 15:17:53 2023

0000000000000000002777AD,Mon Mar  6 15:17:54 2023

0000000000000000002777AD,Mon Mar  6 15:17:55 2023

0000000000000000002777AD,Mon Mar  6 15:17:56 2023

0000000000000000002777AD,Mon Mar  6 15:17:57 2023

0000000000000000002777AD,Mon Mar  6 15:17:58 2023

0000000000000000002777AD,Mon Mar  6 15:18:00 2023

0000000000000000002777AD,Mon Mar  6 15:18:03 2023

0000000000000000002777AD,Mon Mar  6 15:18:05 2023

0000000000000000002777AD,Mon Mar  6 15:18:06 2023

0000000000000000002777AD,Mon Mar  6 15:18:07 2023

0000000000000000002777AD,Mon Mar  6 15:18:12 2023

E28068940000401E1181B06A,Mon Mar  6 15:18:49 2023

E28068940000401E1181B06A,Mon Mar  6 15:18:52 2023

E28068940000401E1181B06A,Mon Mar  6 15:19:19 2023

000000000066001065776642,Mon Mar  6 15:20:42 2023

000000000066001065776642,Mon Mar  6 15:20:50 2023

000000000066001065776642,Mon Mar  6 15:20:51 2023

000000000066001065776642,Mon Mar  6 15:20:52 2023

000000000066001065776642,Mon Mar  6 15:20:55 2023

000000000066001065776642,Mon Mar  6 15:20:56 2023

000000000066001065776642,Mon Mar  6 15:20:59 2023

000000000066001065776642,Mon Mar  6 15:21:31 2023

000000000066001065776642,Mon Mar  6 15:22:04 2023

000000000000000000B10153,Mon Mar  6 15:23:55 2023

000000000000000000B10153,Mon Mar  6 15:24:07 2023

000000000000000000B10153,Mon Mar  6 15:24:10 2023

000000000000000000B10153,Mon Mar  6 15:24:11 2023

000000000000000000B10153,Mon Mar  6 15:24:37 2023

000000000000000000B10153,Mon Mar  6 15:25:06 2023

000000000000000000B10153,Mon Mar  6 15:25:20 2023

000000000000000000B10153,Mon Mar  6 15:25:25 2023

000000000000000000B10153,Mon Mar  6 15:25:32 2023

000000000000000000B10153,Mon Mar  6 15:25:36 2023

000000000000000000B10153,Mon Mar  6 15:25:45 2023

000000000000000000B10153,Mon Mar  6 15:25:57 2023

000000000000000000B10153,Mon Mar  6 15:26:10 2023

000000000000000000B10153,Mon Mar  6 15:47:19 2023

0000000000000000002777AD,1678684613
000000000000000018131007,1678684613
AB00,1678684613
0000000000000000002777AD,Mon Mar 13 01:17:20 2023

000000000000000018131007,Mon Mar 13 01:17:20 2023

AB00,Mon Mar 13 01:17:20 2023

0000000000000000002777AD,1678684701
000000000000000018131007,1678684701
AB00,1678684701
0000000000000000002777AD,Mon Mar 13 01:57:19 2023

000000000000000018131007,Mon Mar 13 01:57:19 2023

AB00,Mon Mar 13 01:57:19 2023

0000000000000000002777AD,Thu Mar 23 20:31:20 2023

0000000000000000002777AD,Mon Mar 27 14:27:09 2023

0000000000000000002777AD,Mon Mar 27 14:43:07 2023

0000000000000000002777AD,Mon Mar 27 15:32:55 2023

0000000000000000002777AD,Mon Mar 27 16:14:01 2023

0000000000000000002777AD,Mon Mar 27 16:18:42 2023

0000000000000000002777AD,Mon Mar 27 16:21:11 2023

0000000000000000002777AD,Mon Mar 27 16:21:11 2023

0000000000000000002777AD,Mon Mar 27 16:27:09 2023

0000000000000000002777AD,Mon Mar 27 16:27:12 2023

0000000000000000002777AD,Mon Mar 27 16:54:01 2023

0000000000000000002777AD,Mon Mar 27 16:54:04 2023

0000000000000000002777AD,Mon Mar 27 16:54:24 2023

0000000000000000002777AD,Mon Mar 27 16:54:27 2023

0000000000000000002777AD,Mon Mar 27 16:55:12 2023

0000000000000000002777AD,Mon Mar 27 16:55:15 2023

E2003098410F017525601235,Mon Mar 27 17:14:50 2023

E2003098410F017525601235,Mon Mar 27 17:14:53 2023

E2003098410F017525601235,Mon Mar 27 17:16:28 2023

E2003098410F017525601235,Mon Mar 27 17:16:31 2023

E2003098410F00642560115D,Mon Mar 27 17:18:56 2023

E2003098410F00642560115D,Mon Mar 27 17:18:59 2023

E2003098410F00642560115D,Fri Mar 31 14:44:35 2023

E2003098410F00642560115D,Fri Mar 31 14:45:13 2023

E2003098410F00642560115D,Fri Mar 31 14:49:36 2023

E2003098410F00642560115D,Fri Mar 31 14:50:10 2023

E2003098410F00642560115D,Fri Mar 31 14:55:26 2023

E2003098410F00642560115D,Fri Mar 31 14:58:07 2023

E2003098410F00642560115D,Fri Mar 31 14:58:12 2023

E2003098410F00642560115D,Fri Mar 31 14:58:47 2023

E2003098410F00642560115D,Fri Mar 31 14:58:52 2023

E2003098410F00642560115D,Fri Mar 31 15:47:28 2023

E2003098410F00642560115D,Fri Mar 31 15:47:31 2023

E2003098410F00642560115D,Fri Mar 31 15:56:09 2023

E2003098410F00642560115D,Fri Mar 31 15:56:12 2023

E2003098410F00642560115D,Fri Mar 31 15:58:22 2023

E2003098410F00642560115D,Fri Mar 31 15:59:37 2023

E2003098410F00642560115D,Fri Mar 31 16:01:08 2023

E2003098410F00642560115D,Fri Mar 31 16:01:34 2023

E2003098410F00642560115D,Fri Mar 31 16:11:30 2023

E2003098410F00642560115D,Fri Mar 31 16:14:59 2023

E2003098410F00642560115D,Fri Mar 31 16:15:18 2023

E2003098410F00642560115D,Fri Mar 31 16:24:52 2023

E2003098410F00642560115D,Fri Mar 31 16:26:17 2023

E2003098410F00642560115D,Fri Mar 31 16:40:19 2023

E2003098410F00642560115D,Fri Mar 31 16:41:27 2023

E2003098410F00642560115D,Fri Mar 31 16:47:24 2023

E2003098410F00642560115D,Fri Mar 31 16:49:09 2023

E2003098410F017525601235,Fri Mar 31 16:53:01 2023

E2003098410F00642560115D,Fri Mar 31 16:53:49 2023

E2003098410F017525601235,Fri Mar 31 16:53:50 2023

E2003098410F00642560115D,Fri Mar 31 17:01:37 2023

E2003098410F00642560115D,Fri Mar 31 17:02:24 2023

E2003098410F017525601235,Mon Apr  3 14:18:16 2023

E2003098410F017525601235,Mon Apr  3 14:19:46 2023

E2003098410F017525601235,Mon Apr  3 14:20:13 2023

E2003098410F017525601235,Mon Apr  3 14:20:14 2023

E2003098410F017525601235,Mon Apr  3 14:20:15 2023

